{
    "_allocate_inputs": 4,
    "_allocate_outputs": 4,
    "cli_parameters": "generate --target stm32l4 --name embeddedai -m C:/Users/Adrien/Desktop/Cours_2A/IA_Embarquee/Python_script/CNN_C2_16_10/CNN_C2_16_10/modelEmbeddedAIConvert.tflite --compression none --verbosity 1 --workspace C:/Users/Adrien/AppData/Local/Temp/mxAI_workspace2889387267845002964196334626752938 --output C:/Users/Adrien/.stm32cubemx/embeddedai_output",
    "cli_version": {
        "extra": "20049",
        "major": 2,
        "micro": 0,
        "minor": 0
    },
    "cli_version_str": "2.0.0-20049",
    "code_size": 0,
    "compression": [],
    "date_time": "2025-03-22T16:47:31+0100",
    "error": 0,
    "error_str": [],
    "exec_cmd": "generate",
    "exec_duration": 0.0,
    "hash": "0x54fb20643e49f807c38612882215b952",
    "inputs": [
        "serving_default_input_layer_60"
    ],
    "layers": [
        {
            "c_id": [
                0,
                1
            ],
            "extras": {
                "n_macc": 0,
                "n_params": 0,
                "psize": 0,
                "rom_output": {
                    "c_size": 20,
                    "fmt": {
                        "format": "float"
                    },
                    "shape": [
                        5
                    ]
                },
                "rom_size": 768
            },
            "id": 0,
            "inputs": [],
            "name": "serving_default_input_layer_60",
            "original": "",
            "type": "Input"
        },
        {
            "c_id": [],
            "extras": {
                "n_macc": 0,
                "n_params": 160,
                "psize": 640,
                "rom_size": 0
            },
            "id": 0,
            "inputs": [],
            "name": "sequential_6_1_dense_24_1_MatMul",
            "original": "",
            "type": "Placeholder"
        },
        {
            "c_id": [],
            "extras": {
                "n_macc": 0,
                "n_params": 32,
                "psize": 128,
                "rom_size": 0
            },
            "id": 0,
            "inputs": [],
            "name": "sequential_6_1_dense_24_1_BiasAdd_ReadVariableOp",
            "original": "",
            "type": "Placeholder"
        },
        {
            "c_id": [],
            "extras": {
                "n_macc": 192,
                "n_params": 0,
                "psize": 0,
                "rom_output": {
                    "c_size": 128,
                    "fmt": {
                        "format": "float"
                    },
                    "shape": [
                        32
                    ]
                },
                "rom_size": 0
            },
            "id": 0,
            "inputs": [
                "serving_default_input_layer_60",
                "sequential_6_1_dense_24_1_MatMul",
                "sequential_6_1_dense_24_1_BiasAdd_ReadVariableOp"
            ],
            "name": "gemm_0",
            "original": "FULLY_CONNECTED",
            "type": "Gemm"
        },
        {
            "c_id": [],
            "extras": {
                "n_macc": 32,
                "n_params": 0,
                "psize": 0,
                "rom_output": {
                    "c_size": 128,
                    "fmt": {
                        "format": "float"
                    },
                    "shape": [
                        32
                    ]
                },
                "rom_size": 0
            },
            "id": 0,
            "inputs": [
                "gemm_0"
            ],
            "name": "nl_0_nl",
            "original": "FULLY_CONNECTED",
            "type": "Nonlinearity"
        },
        {
            "c_id": [
                2,
                3
            ],
            "extras": {
                "n_macc": 0,
                "n_params": 512,
                "psize": 2048,
                "rom_size": 2112
            },
            "id": 1,
            "inputs": [],
            "name": "arith_constant2",
            "original": "",
            "type": "Placeholder"
        },
        {
            "c_id": [],
            "extras": {
                "n_macc": 0,
                "n_params": 16,
                "psize": 64,
                "rom_size": 0
            },
            "id": 1,
            "inputs": [],
            "name": "arith_constant5",
            "original": "",
            "type": "Placeholder"
        },
        {
            "c_id": [],
            "extras": {
                "n_macc": 528,
                "n_params": 0,
                "psize": 0,
                "rom_output": {
                    "c_size": 64,
                    "fmt": {
                        "format": "float"
                    },
                    "shape": [
                        16
                    ]
                },
                "rom_size": 0
            },
            "id": 1,
            "inputs": [
                "nl_0_nl",
                "arith_constant2",
                "arith_constant5"
            ],
            "name": "gemm_1",
            "original": "FULLY_CONNECTED",
            "type": "Gemm"
        },
        {
            "c_id": [],
            "extras": {
                "n_macc": 16,
                "n_params": 0,
                "psize": 0,
                "rom_output": {
                    "c_size": 64,
                    "fmt": {
                        "format": "float"
                    },
                    "shape": [
                        16
                    ]
                },
                "rom_size": 0
            },
            "id": 1,
            "inputs": [
                "gemm_1"
            ],
            "name": "nl_1_nl",
            "original": "FULLY_CONNECTED",
            "type": "Nonlinearity"
        },
        {
            "c_id": [
                4,
                5
            ],
            "extras": {
                "n_macc": 0,
                "n_params": 256,
                "psize": 1024,
                "rom_size": 1088
            },
            "id": 2,
            "inputs": [],
            "name": "arith_constant1",
            "original": "",
            "type": "Placeholder"
        },
        {
            "c_id": [],
            "extras": {
                "n_macc": 0,
                "n_params": 16,
                "psize": 64,
                "rom_size": 0
            },
            "id": 2,
            "inputs": [],
            "name": "arith_constant4",
            "original": "",
            "type": "Placeholder"
        },
        {
            "c_id": [],
            "extras": {
                "n_macc": 272,
                "n_params": 0,
                "psize": 0,
                "rom_output": {
                    "c_size": 64,
                    "fmt": {
                        "format": "float"
                    },
                    "shape": [
                        16
                    ]
                },
                "rom_size": 0
            },
            "id": 2,
            "inputs": [
                "nl_1_nl",
                "arith_constant1",
                "arith_constant4"
            ],
            "name": "gemm_2",
            "original": "FULLY_CONNECTED",
            "type": "Gemm"
        },
        {
            "c_id": [],
            "extras": {
                "n_macc": 16,
                "n_params": 0,
                "psize": 0,
                "rom_output": {
                    "c_size": 64,
                    "fmt": {
                        "format": "float"
                    },
                    "shape": [
                        16
                    ]
                },
                "rom_size": 0
            },
            "id": 2,
            "inputs": [
                "gemm_2"
            ],
            "name": "nl_2_nl",
            "original": "FULLY_CONNECTED",
            "type": "Nonlinearity"
        },
        {
            "c_id": [
                6
            ],
            "extras": {
                "n_macc": 0,
                "n_params": 96,
                "psize": 384,
                "rom_size": 408
            },
            "id": 3,
            "inputs": [],
            "name": "arith_constant",
            "original": "",
            "type": "Placeholder"
        },
        {
            "c_id": [],
            "extras": {
                "n_macc": 0,
                "n_params": 6,
                "psize": 24,
                "rom_size": 0
            },
            "id": 3,
            "inputs": [],
            "name": "arith_constant3",
            "original": "",
            "type": "Placeholder"
        },
        {
            "c_id": [],
            "extras": {
                "n_macc": 102,
                "n_params": 0,
                "psize": 0,
                "rom_output": {
                    "c_size": 24,
                    "fmt": {
                        "format": "float"
                    },
                    "shape": [
                        6
                    ]
                },
                "rom_size": 0
            },
            "id": 3,
            "inputs": [
                "nl_2_nl",
                "arith_constant",
                "arith_constant3"
            ],
            "name": "gemm_3",
            "original": "FULLY_CONNECTED",
            "type": "Gemm"
        },
        {
            "c_id": [
                7
            ],
            "extras": {
                "n_macc": 60,
                "n_params": 0,
                "psize": 0,
                "rom_output": {
                    "c_size": 24,
                    "fmt": {
                        "format": "float"
                    },
                    "shape": [
                        6
                    ]
                },
                "rom_size": 0
            },
            "id": 4,
            "inputs": [
                "gemm_3"
            ],
            "name": "nl_4",
            "original": "LOGISTIC",
            "type": "Nonlinearity"
        }
    ],
    "model_files": [
        "C:\\Users\\Adrien\\Desktop\\Cours_2A\\IA_Embarquee\\Python_script\\CNN_C2_16_10\\CNN_C2_16_10\\modelEmbeddedAIConvert.tflite"
    ],
    "model_n_params": 1094,
    "model_name": "modelEmbeddedAIConvert",
    "model_size": 4376,
    "model_type": "tflite",
    "name": "embeddedai",
    "outputs": [
        "nl_4"
    ],
    "ram_io_size": [
        0,
        0
    ],
    "ram_size": 192,
    "report_version": 1.1,
    "rom_cfact": 1.0,
    "rom_heap_inspector": 2048,
    "rom_inputs": [
        {
            "c_size": 20,
            "c_type": "float",
            "name": "serving_default_input_layer_60"
        }
    ],
    "rom_n_macc": 1218,
    "rom_outputs": [
        {
            "c_size": 24,
            "c_type": "float",
            "name": "nl_4"
        }
    ],
    "rom_size": 4376,
    "strategy": "",
    "tools_api_version": "2.0.0-20049",
    "tools_version": "2.0.0-20049",
    "val_error": -1.0,
    "val_error_desc": "None (None) #-1",
    "val_metrics": []
}