{
  "buffers": [
    {
      "alignment": 4,
      "batch": 0,
      "channel_first": true,
      "channel_last": true,
      "epochs": {
        "end": 1,
        "start": 0
      },
      "flags": "STAI_FLAG_WEIGHTS|STAI_FLAG_CONST|STAI_FLAG_PREALLOCATED",
      "format": "STAI_FORMAT_FLOAT",
      "id": 111,
      "intq": {},
      "is_param": true,
      "mpool_id": 1,
      "name": "gemm_0_bias_array",
      "nbits": 32,
      "offset_start": 640,
      "qmn": {},
      "shape": [
        32
      ],
      "shape_map": [
        "CH"
      ],
      "size_bytes": 128
    },
    {
      "alignment": 4,
      "batch": 0,
      "channel_first": true,
      "channel_last": true,
      "epochs": {
        "end": 6,
        "start": 3
      },
      "flags": "STAI_FLAG_PREALLOCATED|STAI_FLAG_ACTIVATIONS",
      "format": "STAI_FORMAT_FLOAT",
      "id": 92,
      "intq": {},
      "is_param": false,
      "mpool_id": 0,
      "name": "gemm_0_output_array",
      "nbits": 32,
      "offset_start": 64,
      "qmn": {},
      "shape": [
        32
      ],
      "shape_map": [
        "CH"
      ],
      "size_bytes": 128
    },
    {
      "alignment": 4,
      "batch": 0,
      "channel_first": true,
      "channel_last": true,
      "epochs": {
        "end": 1,
        "start": 0
      },
      "flags": "STAI_FLAG_WEIGHTS|STAI_FLAG_CONST|STAI_FLAG_PREALLOCATED",
      "format": "STAI_FORMAT_FLOAT",
      "id": 108,
      "intq": {},
      "is_param": true,
      "mpool_id": 1,
      "name": "gemm_0_weights_array",
      "nbits": 32,
      "offset_start": 0,
      "qmn": {},
      "shape": [
        32,
        5
      ],
      "shape_map": [
        "CH",
        "CH_IN"
      ],
      "size_bytes": 640
    },
    {
      "alignment": 4,
      "batch": 0,
      "channel_first": true,
      "channel_last": true,
      "epochs": {
        "end": 1,
        "start": 0
      },
      "flags": "STAI_FLAG_WEIGHTS|STAI_FLAG_CONST|STAI_FLAG_PREALLOCATED",
      "format": "STAI_FORMAT_FLOAT",
      "id": 117,
      "intq": {},
      "is_param": true,
      "mpool_id": 1,
      "name": "gemm_1_bias_array",
      "nbits": 32,
      "offset_start": 2816,
      "qmn": {},
      "shape": [
        16
      ],
      "shape_map": [
        "CH"
      ],
      "size_bytes": 64
    },
    {
      "alignment": 4,
      "batch": 0,
      "channel_first": true,
      "channel_last": true,
      "epochs": {
        "end": 10,
        "start": 7
      },
      "flags": "STAI_FLAG_PREALLOCATED|STAI_FLAG_ACTIVATIONS",
      "format": "STAI_FORMAT_FLOAT",
      "id": 96,
      "intq": {},
      "is_param": false,
      "mpool_id": 0,
      "name": "gemm_1_output_array",
      "nbits": 32,
      "offset_start": 0,
      "qmn": {},
      "shape": [
        16
      ],
      "shape_map": [
        "CH"
      ],
      "size_bytes": 64
    },
    {
      "alignment": 4,
      "batch": 0,
      "channel_first": true,
      "channel_last": true,
      "epochs": {
        "end": 1,
        "start": 0
      },
      "flags": "STAI_FLAG_WEIGHTS|STAI_FLAG_CONST|STAI_FLAG_PREALLOCATED",
      "format": "STAI_FORMAT_FLOAT",
      "id": 114,
      "intq": {},
      "is_param": true,
      "mpool_id": 1,
      "name": "gemm_1_weights_array",
      "nbits": 32,
      "offset_start": 768,
      "qmn": {},
      "shape": [
        16,
        32
      ],
      "shape_map": [
        "CH",
        "CH_IN"
      ],
      "size_bytes": 2048
    },
    {
      "alignment": 4,
      "batch": 0,
      "channel_first": true,
      "channel_last": true,
      "epochs": {
        "end": 1,
        "start": 0
      },
      "flags": "STAI_FLAG_WEIGHTS|STAI_FLAG_CONST|STAI_FLAG_PREALLOCATED",
      "format": "STAI_FORMAT_FLOAT",
      "id": 123,
      "intq": {},
      "is_param": true,
      "mpool_id": 1,
      "name": "gemm_2_bias_array",
      "nbits": 32,
      "offset_start": 3904,
      "qmn": {},
      "shape": [
        16
      ],
      "shape_map": [
        "CH"
      ],
      "size_bytes": 64
    },
    {
      "alignment": 4,
      "batch": 0,
      "channel_first": true,
      "channel_last": true,
      "epochs": {
        "end": 14,
        "start": 11
      },
      "flags": "STAI_FLAG_PREALLOCATED|STAI_FLAG_ACTIVATIONS",
      "format": "STAI_FORMAT_FLOAT",
      "id": 100,
      "intq": {},
      "is_param": false,
      "mpool_id": 0,
      "name": "gemm_2_output_array",
      "nbits": 32,
      "offset_start": 0,
      "qmn": {},
      "shape": [
        16
      ],
      "shape_map": [
        "CH"
      ],
      "size_bytes": 64
    },
    {
      "alignment": 4,
      "batch": 0,
      "channel_first": true,
      "channel_last": true,
      "epochs": {
        "end": 1,
        "start": 0
      },
      "flags": "STAI_FLAG_WEIGHTS|STAI_FLAG_CONST|STAI_FLAG_PREALLOCATED",
      "format": "STAI_FORMAT_FLOAT",
      "id": 120,
      "intq": {},
      "is_param": true,
      "mpool_id": 1,
      "name": "gemm_2_weights_array",
      "nbits": 32,
      "offset_start": 2880,
      "qmn": {},
      "shape": [
        16,
        16
      ],
      "shape_map": [
        "CH",
        "CH_IN"
      ],
      "size_bytes": 1024
    },
    {
      "alignment": 4,
      "batch": 0,
      "channel_first": true,
      "channel_last": true,
      "epochs": {
        "end": 1,
        "start": 0
      },
      "flags": "STAI_FLAG_WEIGHTS|STAI_FLAG_CONST|STAI_FLAG_PREALLOCATED",
      "format": "STAI_FORMAT_FLOAT",
      "id": 129,
      "intq": {},
      "is_param": true,
      "mpool_id": 1,
      "name": "gemm_3_bias_array",
      "nbits": 32,
      "offset_start": 4352,
      "qmn": {},
      "shape": [
        6
      ],
      "shape_map": [
        "CH"
      ],
      "size_bytes": 24
    },
    {
      "alignment": 4,
      "batch": 0,
      "channel_first": true,
      "channel_last": true,
      "epochs": {
        "end": 18,
        "start": 15
      },
      "flags": "STAI_FLAG_PREALLOCATED|STAI_FLAG_ACTIVATIONS",
      "format": "STAI_FORMAT_FLOAT",
      "id": 104,
      "intq": {},
      "is_param": false,
      "mpool_id": 0,
      "name": "gemm_3_output_array",
      "nbits": 32,
      "offset_start": 0,
      "qmn": {},
      "shape": [
        6
      ],
      "shape_map": [
        "CH"
      ],
      "size_bytes": 24
    },
    {
      "alignment": 4,
      "batch": 0,
      "channel_first": true,
      "channel_last": true,
      "epochs": {
        "end": 1,
        "start": 0
      },
      "flags": "STAI_FLAG_WEIGHTS|STAI_FLAG_CONST|STAI_FLAG_PREALLOCATED",
      "format": "STAI_FORMAT_FLOAT",
      "id": 126,
      "intq": {},
      "is_param": true,
      "mpool_id": 1,
      "name": "gemm_3_weights_array",
      "nbits": 32,
      "offset_start": 3968,
      "qmn": {},
      "shape": [
        6,
        16
      ],
      "shape_map": [
        "CH",
        "CH_IN"
      ],
      "size_bytes": 384
    },
    {
      "alignment": 4,
      "batch": 0,
      "channel_first": true,
      "channel_last": true,
      "epochs": {
        "end": 8,
        "start": 5
      },
      "flags": "STAI_FLAG_PREALLOCATED|STAI_FLAG_ACTIVATIONS",
      "format": "STAI_FORMAT_FLOAT",
      "id": 94,
      "intq": {},
      "is_param": false,
      "mpool_id": 0,
      "name": "nl_0_nl_output_array",
      "nbits": 32,
      "offset_start": 64,
      "qmn": {},
      "shape": [
        32
      ],
      "shape_map": [
        "CH"
      ],
      "size_bytes": 128
    },
    {
      "alignment": 4,
      "batch": 0,
      "channel_first": true,
      "channel_last": true,
      "epochs": {
        "end": 12,
        "start": 9
      },
      "flags": "STAI_FLAG_PREALLOCATED|STAI_FLAG_ACTIVATIONS",
      "format": "STAI_FORMAT_FLOAT",
      "id": 98,
      "intq": {},
      "is_param": false,
      "mpool_id": 0,
      "name": "nl_1_nl_output_array",
      "nbits": 32,
      "offset_start": 64,
      "qmn": {},
      "shape": [
        16
      ],
      "shape_map": [
        "CH"
      ],
      "size_bytes": 64
    },
    {
      "alignment": 4,
      "batch": 0,
      "channel_first": true,
      "channel_last": true,
      "epochs": {
        "end": 16,
        "start": 13
      },
      "flags": "STAI_FLAG_PREALLOCATED|STAI_FLAG_ACTIVATIONS",
      "format": "STAI_FORMAT_FLOAT",
      "id": 102,
      "intq": {},
      "is_param": false,
      "mpool_id": 0,
      "name": "nl_2_nl_output_array",
      "nbits": 32,
      "offset_start": 64,
      "qmn": {},
      "shape": [
        16
      ],
      "shape_map": [
        "CH"
      ],
      "size_bytes": 64
    },
    {
      "alignment": 4,
      "batch": 0,
      "channel_first": true,
      "channel_last": true,
      "epochs": {
        "end": 19,
        "start": 17
      },
      "flags": "STAI_FLAG_OUTPUTS|STAI_FLAG_PREALLOCATED|STAI_FLAG_ACTIVATIONS",
      "format": "STAI_FORMAT_FLOAT",
      "id": 106,
      "intq": {},
      "is_param": false,
      "mpool_id": 0,
      "name": "nl_4_output_array",
      "nbits": 32,
      "offset_start": 24,
      "qmn": {},
      "shape": [
        6
      ],
      "shape_map": [
        "CH"
      ],
      "size_bytes": 24
    },
    {
      "alignment": 4,
      "batch": 0,
      "channel_first": true,
      "channel_last": true,
      "epochs": {
        "end": 4,
        "start": 2
      },
      "flags": "STAI_FLAG_INPUTS|STAI_FLAG_PREALLOCATED|STAI_FLAG_ACTIVATIONS",
      "format": "STAI_FORMAT_FLOAT",
      "id": 90,
      "intq": {},
      "is_param": false,
      "mpool_id": 0,
      "name": "serving_default_input_layer_60_output_array",
      "nbits": 32,
      "offset_start": 44,
      "qmn": {},
      "shape": [
        5
      ],
      "shape_map": [
        "CH"
      ],
      "size_bytes": 20
    }
  ],
  "environment": {
    "generated_model": {
      "generated_time": "2025-03-22T16:47:31+0100",
      "model_files": [
        {
          "name": "embeddedai_data_params.h",
          "signature": "0x656630be2b26b05da20486765ab4c073"
        },
        {
          "name": "embeddedai_data_params.c",
          "signature": "0x387a747729c87d7c9935fe64e74c2c55"
        },
        {
          "name": "embeddedai_data.h",
          "signature": "0x0e5b93c8f349d4310f851c982a6771e1"
        },
        {
          "name": "embeddedai_data.c",
          "signature": "0x5b5b7f2e20ff4729b587315bc3a268b4"
        },
        {
          "name": "embeddedai_config.h",
          "signature": "0x6dfe3d7508e638161d081edae4624b66"
        },
        {
          "name": "embeddedai.h",
          "signature": "0x7e60fc7cebb1fb951163538f90da806a"
        },
        {
          "name": "embeddedai.c",
          "signature": "0xe1ca3b49e23a3d9a6f1945a720a1b1ca"
        }
      ],
      "name": "embeddedai"
    },
    "network_signature": "0xca9b76d6f81ea150",
    "test_name": "",
    "tools": [
      {
        "arguments": "generate --target stm32l4 --name embeddedai -m C:/Users/Adrien/Desktop/Cours_2A/IA_Embarquee/Python_script/CNN_C2_16_10/CNN_C2_16_10/modelEmbeddedAIConvert.tflite --compression none --verbosity 1 --workspace C:/Users/Adrien/AppData/Local/Temp/mxAI_workspace2889387267845002964196334626752938 --output C:/Users/Adrien/.stm32cubemx/embeddedai_output",
        "environment": [
          "STATS_TYPE=X-CUBE-AI"
        ],
        "input_model": {
          "model_files": [
            {
              "name": "modelEmbeddedAIConvert.tflite",
              "signature": "0x54fb20643e49f807c38612882215b952"
            }
          ],
          "n_params": 1094,
          "name": "modelEmbeddedAIConvert",
          "size": 4376,
          "type": "tflite"
        },
        "name": "ST.EdgeAI.Core",
        "version": "2.0.0-20049"
      }
    ]
  },
  "graphs": [
    {
      "edges": [
        {
          "buffer": 92,
          "edge_kind": "EDGE_MEMORY",
          "end": {
            "node_id": 10,
            "port": 0
          },
          "id": 0,
          "name": "n9-p0_n10-p0",
          "start": {
            "node_id": 9,
            "port": 0
          }
        },
        {
          "buffer": 94,
          "edge_kind": "EDGE_MEMORY",
          "end": {
            "node_id": 11,
            "port": 0
          },
          "id": 1,
          "name": "n10-p0_n11-p0",
          "start": {
            "node_id": 10,
            "port": 0
          }
        },
        {
          "buffer": 96,
          "edge_kind": "EDGE_MEMORY",
          "end": {
            "node_id": 12,
            "port": 0
          },
          "id": 2,
          "name": "n11-p0_n12-p0",
          "start": {
            "node_id": 11,
            "port": 0
          }
        },
        {
          "buffer": 98,
          "edge_kind": "EDGE_MEMORY",
          "end": {
            "node_id": 13,
            "port": 0
          },
          "id": 3,
          "name": "n12-p0_n13-p0",
          "start": {
            "node_id": 12,
            "port": 0
          }
        },
        {
          "buffer": 100,
          "edge_kind": "EDGE_MEMORY",
          "end": {
            "node_id": 14,
            "port": 0
          },
          "id": 4,
          "name": "n13-p0_n14-p0",
          "start": {
            "node_id": 13,
            "port": 0
          }
        },
        {
          "buffer": 102,
          "edge_kind": "EDGE_MEMORY",
          "end": {
            "node_id": 15,
            "port": 0
          },
          "id": 5,
          "name": "n14-p0_n15-p0",
          "start": {
            "node_id": 14,
            "port": 0
          }
        },
        {
          "buffer": 104,
          "edge_kind": "EDGE_MEMORY",
          "end": {
            "node_id": 16,
            "port": 0
          },
          "id": 6,
          "name": "n15-p0_n16-p0",
          "start": {
            "node_id": 15,
            "port": 0
          }
        }
      ],
      "id": 0,
      "inputs": [
        90
      ],
      "name": "modelEmbeddedAIConvert",
      "nodes": [
        {
          "attributes": {
            "num_units": "32",
            "use_bias": "True"
          },
          "description": "Dense",
          "id": 9,
          "inputs": [
            90,
            108,
            111
          ],
          "macc": 192,
          "mapping": "NODE_SW",
          "name": "gemm_0",
          "original_nodes": [
            "0"
          ],
          "outputs": [
            92
          ],
          "scratchs": [],
          "subgraph_nodes": [],
          "sw_functions": [
            "forward_dense"
          ]
        },
        {
          "attributes": {
            "nonlinearity": "relu"
          },
          "description": "Nonlinearity",
          "id": 10,
          "inputs": [
            92
          ],
          "macc": 32,
          "mapping": "NODE_SW",
          "name": "nl_0_nl",
          "original_nodes": [
            "0"
          ],
          "outputs": [
            94
          ],
          "scratchs": [],
          "subgraph_nodes": [],
          "sw_functions": [
            "forward_relu"
          ]
        },
        {
          "attributes": {
            "num_units": "16",
            "use_bias": "True"
          },
          "description": "Dense",
          "id": 11,
          "inputs": [
            94,
            114,
            117
          ],
          "macc": 528,
          "mapping": "NODE_SW",
          "name": "gemm_1",
          "original_nodes": [
            "1"
          ],
          "outputs": [
            96
          ],
          "scratchs": [],
          "subgraph_nodes": [],
          "sw_functions": [
            "forward_dense"
          ]
        },
        {
          "attributes": {
            "nonlinearity": "relu"
          },
          "description": "Nonlinearity",
          "id": 12,
          "inputs": [
            96
          ],
          "macc": 16,
          "mapping": "NODE_SW",
          "name": "nl_1_nl",
          "original_nodes": [
            "1"
          ],
          "outputs": [
            98
          ],
          "scratchs": [],
          "subgraph_nodes": [],
          "sw_functions": [
            "forward_relu"
          ]
        },
        {
          "attributes": {
            "num_units": "16",
            "use_bias": "True"
          },
          "description": "Dense",
          "id": 13,
          "inputs": [
            98,
            120,
            123
          ],
          "macc": 272,
          "mapping": "NODE_SW",
          "name": "gemm_2",
          "original_nodes": [
            "2"
          ],
          "outputs": [
            100
          ],
          "scratchs": [],
          "subgraph_nodes": [],
          "sw_functions": [
            "forward_dense"
          ]
        },
        {
          "attributes": {
            "nonlinearity": "relu"
          },
          "description": "Nonlinearity",
          "id": 14,
          "inputs": [
            100
          ],
          "macc": 16,
          "mapping": "NODE_SW",
          "name": "nl_2_nl",
          "original_nodes": [
            "2"
          ],
          "outputs": [
            102
          ],
          "scratchs": [],
          "subgraph_nodes": [],
          "sw_functions": [
            "forward_relu"
          ]
        },
        {
          "attributes": {
            "num_units": "6",
            "use_bias": "True"
          },
          "description": "Dense",
          "id": 15,
          "inputs": [
            102,
            126,
            129
          ],
          "macc": 102,
          "mapping": "NODE_SW",
          "name": "gemm_3",
          "original_nodes": [
            "3"
          ],
          "outputs": [
            104
          ],
          "scratchs": [],
          "subgraph_nodes": [],
          "sw_functions": [
            "forward_dense"
          ]
        },
        {
          "attributes": {
            "nonlinearity": "sigmoid"
          },
          "description": "Nonlinearity",
          "id": 16,
          "inputs": [
            104
          ],
          "macc": 60,
          "mapping": "NODE_SW",
          "name": "nl_4",
          "original_nodes": [
            "4"
          ],
          "outputs": [
            106
          ],
          "scratchs": [],
          "subgraph_nodes": [],
          "sw_functions": [
            "forward_sigmoid"
          ]
        }
      ],
      "original_inputs": [
        {
          "serving_default_input_layer_60": {
            "data_type": "float32",
            "shape": "(BATCH: 1, CH: 5)"
          }
        }
      ],
      "original_outputs": [
        {
          "nl_4": {
            "data_type": "float32",
            "shape": "(BATCH: 1, CH: 6)"
          }
        }
      ],
      "outputs": [
        106
      ]
    }
  ],
  "json_schema_version": "2.0",
  "memory_footprint": {
    "activations": 192,
    "io": [
      0,
      0
    ],
    "kernel_flash": 10384,
    "kernel_ram": 2480,
    "series": "stm32l4",
    "toolchain": "arm-none-eabi-gcc (GNU Tools for STM32 12.3.rel1.20240926-1715) 12.3.1 20230626",
    "toolchain_flash": 638,
    "toolchain_ram": 0,
    "weights": 4376
  },
  "memory_pools": [
    {
      "address": "NULL",
      "alignment": 4,
      "attributes": {
        "latency": "HIGH",
        "score": 768,
        "throughput": "LOW"
      },
      "buffers": [
        90,
        92,
        94,
        96,
        98,
        100,
        102,
        104,
        106
      ],
      "id": 0,
      "name": "heap_overlay_pool",
      "offset_start": 0,
      "persistent": false,
      "rights": "ACC_WRITE",
      "size_bytes": -1,
      "subpools": [],
      "used_size_bytes": 192,
      "user_allocated": false,
      "virtual": false
    },
    {
      "address": "s_embeddedai_weights_array_u64",
      "alignment": 0,
      "attributes": {
        "latency": "UNDEF",
        "score": 0,
        "throughput": "UNDEF"
      },
      "buffers": [
        108,
        111,
        114,
        117,
        120,
        123,
        126,
        129
      ],
      "id": 1,
      "name": "weights_array",
      "offset_start": 0,
      "persistent": true,
      "rights": "ACC_READ",
      "size_bytes": -1,
      "subpools": [],
      "used_size_bytes": 4376,
      "user_allocated": false,
      "virtual": false
    }
  ]
}