{
    "activations": {
        "heap_overlay_pool": {
            "activation_alignment": 4,
            "buffer_data_size": 0,
            "buffer_offsets": [
                {
                    "buffer_name": "serving_default_input_layer_60_output_array",
                    "offset": 44,
                    "size": 20
                },
                {
                    "buffer_name": "gemm_0_output_array",
                    "offset": 64,
                    "size": 128
                },
                {
                    "buffer_name": "nl_0_nl_output_array",
                    "offset": 64,
                    "size": 128
                },
                {
                    "buffer_name": "gemm_1_output_array",
                    "offset": 0,
                    "size": 64
                },
                {
                    "buffer_name": "nl_1_nl_output_array",
                    "offset": 64,
                    "size": 64
                },
                {
                    "buffer_name": "gemm_2_output_array",
                    "offset": 0,
                    "size": 64
                },
                {
                    "buffer_name": "nl_2_nl_output_array",
                    "offset": 64,
                    "size": 64
                },
                {
                    "buffer_name": "gemm_3_output_array",
                    "offset": 0,
                    "size": 24
                },
                {
                    "buffer_name": "nl_4_output_array",
                    "offset": 24,
                    "size": 24
                }
            ],
            "data_alignment": 4,
            "pool_id": 0,
            "pool_size": -1,
            "used_size": 192
        }
    },
    "activations_alignment": 4,
    "arguments": "generate --target stm32l4 --name mnist -m C:/Users/Adrien/Desktop/Cours_2A/IA_Embarquee/Python_script/CNN_C2_16_10/CNN_C2_16_10/modelEmbeddedAIConvert.tflite --compression none --verbosity 1 --workspace C:/Users/Adrien/AppData/Local/Temp/mxAI_workspace2886578914605008896951333387249649 --output C:/Users/Adrien/.stm32cubemx/mnist_output",
    "c_activations_count": 1,
    "c_arrays": [
        {
            "c_bits": 32,
            "c_id": 0,
            "c_mem_pool": "weights",
            "c_size_in_byte": 128,
            "c_type": "const float",
            "format": "float",
            "is_const": true,
            "mem_pool": "weights",
            "n_items": 32,
            "name": "gemm_0_bias_array",
            "offset": 640,
            "scale": [],
            "size": 32,
            "tensors": [
                {
                    "name": "gemm_0_bias",
                    "shape": [
                        32
                    ]
                }
            ],
            "zeropoint": [],
            "zeros": 0
        },
        {
            "c_bits": 32,
            "c_id": 1,
            "c_mem_pool": "**default**",
            "c_size_in_byte": 128,
            "c_type": "float",
            "format": "float",
            "is_const": false,
            "mem_pool": "activations",
            "n_items": 32,
            "name": "gemm_0_output_array",
            "offset": 64,
            "scale": [],
            "size": 32,
            "tensors": [
                {
                    "name": "gemm_0_output",
                    "shape": [
                        32
                    ]
                }
            ],
            "zeropoint": []
        },
        {
            "c_bits": 32,
            "c_id": 2,
            "c_mem_pool": "weights",
            "c_size_in_byte": 640,
            "c_type": "const float",
            "format": "float",
            "is_const": true,
            "mem_pool": "weights",
            "n_items": 160,
            "name": "gemm_0_weights_array",
            "offset": 0,
            "scale": [],
            "size": 160,
            "tensors": [
                {
                    "name": "gemm_0_weights",
                    "shape": [
                        32,
                        5
                    ]
                }
            ],
            "zeropoint": [],
            "zeros": 0
        },
        {
            "c_bits": 32,
            "c_id": 3,
            "c_mem_pool": "weights",
            "c_size_in_byte": 64,
            "c_type": "const float",
            "format": "float",
            "is_const": true,
            "mem_pool": "weights",
            "n_items": 16,
            "name": "gemm_1_bias_array",
            "offset": 2816,
            "scale": [],
            "size": 16,
            "tensors": [
                {
                    "name": "gemm_1_bias",
                    "shape": [
                        16
                    ]
                }
            ],
            "zeropoint": [],
            "zeros": 0
        },
        {
            "c_bits": 32,
            "c_id": 4,
            "c_mem_pool": "**default**",
            "c_size_in_byte": 64,
            "c_type": "float",
            "format": "float",
            "is_const": false,
            "mem_pool": "activations",
            "n_items": 16,
            "name": "gemm_1_output_array",
            "offset": 0,
            "scale": [],
            "size": 16,
            "tensors": [
                {
                    "name": "gemm_1_output",
                    "shape": [
                        16
                    ]
                }
            ],
            "zeropoint": []
        },
        {
            "c_bits": 32,
            "c_id": 5,
            "c_mem_pool": "weights",
            "c_size_in_byte": 2048,
            "c_type": "const float",
            "format": "float",
            "is_const": true,
            "mem_pool": "weights",
            "n_items": 512,
            "name": "gemm_1_weights_array",
            "offset": 768,
            "scale": [],
            "size": 512,
            "tensors": [
                {
                    "name": "gemm_1_weights",
                    "shape": [
                        16,
                        32
                    ]
                }
            ],
            "zeropoint": [],
            "zeros": 0
        },
        {
            "c_bits": 32,
            "c_id": 6,
            "c_mem_pool": "weights",
            "c_size_in_byte": 64,
            "c_type": "const float",
            "format": "float",
            "is_const": true,
            "mem_pool": "weights",
            "n_items": 16,
            "name": "gemm_2_bias_array",
            "offset": 3904,
            "scale": [],
            "size": 16,
            "tensors": [
                {
                    "name": "gemm_2_bias",
                    "shape": [
                        16
                    ]
                }
            ],
            "zeropoint": [],
            "zeros": 0
        },
        {
            "c_bits": 32,
            "c_id": 7,
            "c_mem_pool": "**default**",
            "c_size_in_byte": 64,
            "c_type": "float",
            "format": "float",
            "is_const": false,
            "mem_pool": "activations",
            "n_items": 16,
            "name": "gemm_2_output_array",
            "offset": 0,
            "scale": [],
            "size": 16,
            "tensors": [
                {
                    "name": "gemm_2_output",
                    "shape": [
                        16
                    ]
                }
            ],
            "zeropoint": []
        },
        {
            "c_bits": 32,
            "c_id": 8,
            "c_mem_pool": "weights",
            "c_size_in_byte": 1024,
            "c_type": "const float",
            "format": "float",
            "is_const": true,
            "mem_pool": "weights",
            "n_items": 256,
            "name": "gemm_2_weights_array",
            "offset": 2880,
            "scale": [],
            "size": 256,
            "tensors": [
                {
                    "name": "gemm_2_weights",
                    "shape": [
                        16,
                        16
                    ]
                }
            ],
            "zeropoint": [],
            "zeros": 0
        },
        {
            "c_bits": 32,
            "c_id": 9,
            "c_mem_pool": "weights",
            "c_size_in_byte": 24,
            "c_type": "const float",
            "format": "float",
            "is_const": true,
            "mem_pool": "weights",
            "n_items": 6,
            "name": "gemm_3_bias_array",
            "offset": 4352,
            "scale": [],
            "size": 6,
            "tensors": [
                {
                    "name": "gemm_3_bias",
                    "shape": [
                        6
                    ]
                }
            ],
            "zeropoint": [],
            "zeros": 0
        },
        {
            "c_bits": 32,
            "c_id": 10,
            "c_mem_pool": "**default**",
            "c_size_in_byte": 24,
            "c_type": "float",
            "format": "float",
            "is_const": false,
            "mem_pool": "activations",
            "n_items": 6,
            "name": "gemm_3_output_array",
            "offset": 0,
            "scale": [],
            "size": 6,
            "tensors": [
                {
                    "name": "gemm_3_output",
                    "shape": [
                        6
                    ]
                }
            ],
            "zeropoint": []
        },
        {
            "c_bits": 32,
            "c_id": 11,
            "c_mem_pool": "weights",
            "c_size_in_byte": 384,
            "c_type": "const float",
            "format": "float",
            "is_const": true,
            "mem_pool": "weights",
            "n_items": 96,
            "name": "gemm_3_weights_array",
            "offset": 3968,
            "scale": [],
            "size": 96,
            "tensors": [
                {
                    "name": "gemm_3_weights",
                    "shape": [
                        6,
                        16
                    ]
                }
            ],
            "zeropoint": [],
            "zeros": 0
        },
        {
            "c_bits": 32,
            "c_id": 12,
            "c_mem_pool": "**default**",
            "c_size_in_byte": 128,
            "c_type": "float",
            "format": "float",
            "is_const": false,
            "mem_pool": "activations",
            "n_items": 32,
            "name": "nl_0_nl_output_array",
            "offset": 64,
            "scale": [],
            "size": 32,
            "tensors": [
                {
                    "name": "nl_0_nl_output",
                    "shape": [
                        32
                    ]
                }
            ],
            "zeropoint": []
        },
        {
            "c_bits": 32,
            "c_id": 13,
            "c_mem_pool": "**default**",
            "c_size_in_byte": 64,
            "c_type": "float",
            "format": "float",
            "is_const": false,
            "mem_pool": "activations",
            "n_items": 16,
            "name": "nl_1_nl_output_array",
            "offset": 64,
            "scale": [],
            "size": 16,
            "tensors": [
                {
                    "name": "nl_1_nl_output",
                    "shape": [
                        16
                    ]
                }
            ],
            "zeropoint": []
        },
        {
            "c_bits": 32,
            "c_id": 14,
            "c_mem_pool": "**default**",
            "c_size_in_byte": 64,
            "c_type": "float",
            "format": "float",
            "is_const": false,
            "mem_pool": "activations",
            "n_items": 16,
            "name": "nl_2_nl_output_array",
            "offset": 64,
            "scale": [],
            "size": 16,
            "tensors": [
                {
                    "name": "nl_2_nl_output",
                    "shape": [
                        16
                    ]
                }
            ],
            "zeropoint": []
        },
        {
            "c_bits": 32,
            "c_id": 15,
            "c_mem_pool": "**default**",
            "c_size_in_byte": 24,
            "c_type": "float",
            "format": "float",
            "io_type": "output",
            "is_const": false,
            "mem_pool": "activations",
            "n_items": 6,
            "name": "nl_4_output_array",
            "offset": 24,
            "scale": [],
            "size": 6,
            "tensors": [
                {
                    "name": "nl_4_output",
                    "shape": [
                        6
                    ]
                }
            ],
            "zeropoint": []
        },
        {
            "c_bits": 32,
            "c_id": 16,
            "c_mem_pool": "**default**",
            "c_size_in_byte": 20,
            "c_type": "float",
            "format": "float",
            "io_type": "input",
            "is_const": false,
            "mem_pool": "activations",
            "n_items": 5,
            "name": "serving_default_input_layer_60_output_array",
            "offset": 44,
            "scale": [],
            "size": 5,
            "tensors": [
                {
                    "name": "serving_default_input_layer_60_output",
                    "shape": [
                        5
                    ]
                }
            ],
            "zeropoint": []
        }
    ],
    "c_arrays_n": 17,
    "c_layers": [
        {
            "c_forward": [
                "forward_dense"
            ],
            "c_id": 0,
            "is_wrapped": "",
            "layer_type": "Dense",
            "m_id": 0,
            "macc": 192,
            "name": "gemm_0",
            "op_by_type": {
                "smul_f32_f32": 192
            },
            "rom": 768,
            "tensors": {
                "inputs": [
                    "serving_default_input_layer_60_output"
                ],
                "outputs": [
                    "gemm_0_output"
                ],
                "scratchs": [],
                "weights": [
                    "gemm_0_weights",
                    "gemm_0_bias"
                ]
            },
            "weight_sparsity": [
                0.0,
                192,
                0
            ]
        },
        {
            "c_forward": [
                "forward_relu"
            ],
            "c_id": 1,
            "is_wrapped": "",
            "layer_type": "Nonlinearity",
            "m_id": 0,
            "macc": 32,
            "name": "nl_0_nl",
            "op_by_type": {
                "op_f32_f32": 32
            },
            "rom": 0,
            "tensors": {
                "inputs": [
                    "gemm_0_output"
                ],
                "outputs": [
                    "nl_0_nl_output"
                ],
                "scratchs": [],
                "weights": []
            },
            "weight_sparsity": [
                0.0,
                1,
                0
            ]
        },
        {
            "c_forward": [
                "forward_dense"
            ],
            "c_id": 2,
            "is_wrapped": "",
            "layer_type": "Dense",
            "m_id": 1,
            "macc": 528,
            "name": "gemm_1",
            "op_by_type": {
                "smul_f32_f32": 528
            },
            "rom": 2112,
            "tensors": {
                "inputs": [
                    "nl_0_nl_output"
                ],
                "outputs": [
                    "gemm_1_output"
                ],
                "scratchs": [],
                "weights": [
                    "gemm_1_weights",
                    "gemm_1_bias"
                ]
            },
            "weight_sparsity": [
                0.0,
                528,
                0
            ]
        },
        {
            "c_forward": [
                "forward_relu"
            ],
            "c_id": 3,
            "is_wrapped": "",
            "layer_type": "Nonlinearity",
            "m_id": 1,
            "macc": 16,
            "name": "nl_1_nl",
            "op_by_type": {
                "op_f32_f32": 16
            },
            "rom": 0,
            "tensors": {
                "inputs": [
                    "gemm_1_output"
                ],
                "outputs": [
                    "nl_1_nl_output"
                ],
                "scratchs": [],
                "weights": []
            },
            "weight_sparsity": [
                0.0,
                1,
                0
            ]
        },
        {
            "c_forward": [
                "forward_dense"
            ],
            "c_id": 4,
            "is_wrapped": "",
            "layer_type": "Dense",
            "m_id": 2,
            "macc": 272,
            "name": "gemm_2",
            "op_by_type": {
                "smul_f32_f32": 272
            },
            "rom": 1088,
            "tensors": {
                "inputs": [
                    "nl_1_nl_output"
                ],
                "outputs": [
                    "gemm_2_output"
                ],
                "scratchs": [],
                "weights": [
                    "gemm_2_weights",
                    "gemm_2_bias"
                ]
            },
            "weight_sparsity": [
                0.0,
                272,
                0
            ]
        },
        {
            "c_forward": [
                "forward_relu"
            ],
            "c_id": 5,
            "is_wrapped": "",
            "layer_type": "Nonlinearity",
            "m_id": 2,
            "macc": 16,
            "name": "nl_2_nl",
            "op_by_type": {
                "op_f32_f32": 16
            },
            "rom": 0,
            "tensors": {
                "inputs": [
                    "gemm_2_output"
                ],
                "outputs": [
                    "nl_2_nl_output"
                ],
                "scratchs": [],
                "weights": []
            },
            "weight_sparsity": [
                0.0,
                1,
                0
            ]
        },
        {
            "c_forward": [
                "forward_dense"
            ],
            "c_id": 6,
            "is_wrapped": "",
            "layer_type": "Dense",
            "m_id": 3,
            "macc": 102,
            "name": "gemm_3",
            "op_by_type": {
                "smul_f32_f32": 102
            },
            "rom": 408,
            "tensors": {
                "inputs": [
                    "nl_2_nl_output"
                ],
                "outputs": [
                    "gemm_3_output"
                ],
                "scratchs": [],
                "weights": [
                    "gemm_3_weights",
                    "gemm_3_bias"
                ]
            },
            "weight_sparsity": [
                0.0,
                102,
                0
            ]
        },
        {
            "c_forward": [
                "forward_sigmoid"
            ],
            "c_id": 7,
            "is_wrapped": "",
            "layer_type": "Nonlinearity",
            "m_id": 4,
            "macc": 60,
            "name": "nl_4",
            "op_by_type": {
                "op_f32_f32": 60
            },
            "rom": 0,
            "tensors": {
                "inputs": [
                    "gemm_3_output"
                ],
                "outputs": [
                    "nl_4_output"
                ],
                "scratchs": [],
                "weights": []
            },
            "weight_sparsity": [
                0.0,
                1,
                0
            ]
        }
    ],
    "c_name": "mnist",
    "c_nodes_n": 8,
    "c_weights_count": 1,
    "c_weights_header": 0,
    "compilation_options": {
        "compression": "none",
        "optimization": "balanced",
        "options": [
            "allocate-inputs",
            "allocate-outputs"
        ]
    },
    "data_alignment": 4,
    "date_time": "2025-03-22T16:42:50+0100",
    "inputs": [
        "serving_default_input_layer_60_output"
    ],
    "macc": 1218,
    "memory_footprint": {
        "activations": 192,
        "io": [
            0,
            0
        ],
        "kernel_flash": 10384,
        "kernel_ram": 2480,
        "series": "stm32l4",
        "target": "stm32l4",
        "toolchain": "arm-none-eabi-gcc (GNU Tools for STM32 12.3.rel1.20240926-1715) 12.3.1 20230626",
        "toolchain_flash": 638,
        "toolchain_ram": 0,
        "weights": 4376
    },
    "memory_pools": [],
    "model_fmt": "float",
    "model_name": "modelEmbeddedAIConvert",
    "model_signature": "0x54fb20643e49f807c38612882215b952",
    "outputs": [
        "nl_4_output"
    ],
    "st_ai_version": "2.0.0-20049",
    "tool_version": "2.0.0-20049",
    "type": "tflite",
    "version": "1.2",
    "weights": {
        "weights_array": {
            "buffer_data_size": 4376,
            "buffer_offsets": [
                {
                    "buffer_name": "gemm_0_weights_array",
                    "offset": 0,
                    "size": 640
                },
                {
                    "buffer_name": "gemm_0_bias_array",
                    "offset": 640,
                    "size": 128
                },
                {
                    "buffer_name": "gemm_1_weights_array",
                    "offset": 768,
                    "size": 2048
                },
                {
                    "buffer_name": "gemm_1_bias_array",
                    "offset": 2816,
                    "size": 64
                },
                {
                    "buffer_name": "gemm_2_weights_array",
                    "offset": 2880,
                    "size": 1024
                },
                {
                    "buffer_name": "gemm_2_bias_array",
                    "offset": 3904,
                    "size": 64
                },
                {
                    "buffer_name": "gemm_3_weights_array",
                    "offset": 3968,
                    "size": 384
                },
                {
                    "buffer_name": "gemm_3_bias_array",
                    "offset": 4352,
                    "size": 24
                }
            ],
            "pool_size": -1,
            "used_size": 4376
        }
    }
}